unix,date,symbol,open,high,low,close,Volume BTC,Volume USDT,tradecount
1618272000000,2021-04-13 00:00:00,BTC/USDT,59860.01000000,59942.39000000,59805.15000000,59921.76000000,271.09730700,16229796.80584649,7507
1618185600000,2021-04-12 00:00:00,BTC/USDT,59998.80000000,61300.00000000,59350.59000000,59860.00000000,56375.03711700,3393042867.87146672,1806298
1618099200000,2021-04-11 00:00:00,BTC/USDT,59769.13000000,60699.00000000,59232.52000000,60002.43000000,41156.71539100,2462032926.61798127,1746102
1618012800000,2021-04-10 00:00:00,BTC/USDT,58142.55000000,61500.00000000,57900.01000000,59769.13000000,69906.42411700,4197138552.46903365,2470398
1617926400000,2021-04-09 00:00:00,BTC/USDT,58077.52000000,58894.90000000,57654.00000000,58142.54000000,40831.88491100,2378340697.28958427,1615962
1617840000000,2021-04-08 00:00:00,BTC/USDT,55953.44000000,58153.31000000,55700.00000000,58077.52000000,44283.14701900,2531779682.55242696,1661080
1617753600000,2021-04-07 00:00:00,BTC/USDT,57990.03000000,58655.00000000,55473.00000000,55953.45000000,71228.40565900,4053294016.48451469,2206433
1617667200000,2021-04-06 00:00:00,BTC/USDT,59129.99000000,59495.24000000,57413.02000000,57991.15000000,54201.00072700,3166911557.14815778,1960513
1617580800000,2021-04-05 00:00:00,BTC/USDT,58202.01000000,59272.00000000,56777.77000000,59129.99000000,54258.01579000,3155214764.16448552,2035877
1617494400000,2021-04-04 00:00:00,BTC/USDT,57051.95000000,58492.85000000,56388.00000000,58202.01000000,41314.08197300,2380139010.73023250,1499113
1617408000000,2021-04-03 00:00:00,BTC/USDT,58950.01000000,59791.72000000,56880.00000000,57051.94000000,47409.85211300,2783151686.16453709,1606805
1617321600000,2021-04-02 00:00:00,BTC/USDT,58720.45000000,60200.00000000,58428.57000000,58950.01000000,47382.41878100,2811159761.26846735,1666356
1617235200000,2021-04-01 00:00:00,BTC/USDT,58739.46000000,59490.00000000,57935.45000000,58720.44000000,47415.61722000,2789238879.94337348,1594431
1617148800000,2021-03-31 00:00:00,BTC/USDT,58746.57000000,59800.00000000,56769.00000000,58740.55000000,60975.54266600,3575976083.80457570,1928224
1617062400000,2021-03-30 00:00:00,BTC/USDT,57635.46000000,59368.00000000,57071.35000000,58746.57000000,55122.44312200,3221944107.45503046,1612744
1616976000000,2021-03-29 00:00:00,BTC/USDT,55777.65000000,58405.82000000,54800.01000000,57635.47000000,67857.93739800,3877131109.73464578,1983437
1616889600000,2021-03-28 00:00:00,BTC/USDT,55817.14000000,56559.75000000,54691.84000000,55777.63000000,39050.38751100,2178777329.44521665,1551283
1616803200000,2021-03-27 00:00:00,BTC/USDT,55025.59000000,56700.36000000,53950.00000000,55817.14000000,50105.47505500,2767070175.86193082,1528776
1616716800000,2021-03-26 00:00:00,BTC/USDT,51293.78000000,55073.46000000,51214.60000000,55025.59000000,63813.77469200,3397036140.75163746,1773150
1616630400000,2021-03-25 00:00:00,BTC/USDT,52303.66000000,53287.00000000,50427.56000000,51293.78000000,87400.53453800,4536327184.95786042,2099425
1616544000000,2021-03-24 00:00:00,BTC/USDT,54342.80000000,57200.00000000,51700.00000000,52303.65000000,83537.46502100,4583159614.04646126,2401988
1616457600000,2021-03-23 00:00:00,BTC/USDT,54083.25000000,55830.90000000,53000.00000000,54340.89000000,59789.36542700,3264650774.81746144,1740349
1616371200000,2021-03-22 00:00:00,BTC/USDT,57351.56000000,58430.73000000,53650.00000000,54083.25000000,62581.62616900,3527479514.32565286,1927345
1616284800000,2021-03-21 00:00:00,BTC/USDT,58100.02000000,58589.10000000,55450.11000000,57351.56000000,48564.47027400,2774223129.62380987,1773546
1616198400000,2021-03-20 00:00:00,BTC/USDT,58030.01000000,59880.00000000,57820.17000000,58102.28000000,44476.94177600,2616535093.05158531,1724131
1616112000000,2021-03-19 00:00:00,BTC/USDT,57641.00000000,59468.00000000,56270.74000000,58030.01000000,52392.65296100,3052711147.93492521,1885830
1616025600000,2021-03-18 00:00:00,BTC/USDT,58912.97000000,60129.97000000,57023.00000000,57648.16000000,66580.40667500,3900885761.21280599,2040947
1615939200000,2021-03-17 00:00:00,BTC/USDT,56900.74000000,58974.73000000,54123.69000000,58912.97000000,70421.62084100,3960992972.15429223,2204296
1615852800000,2021-03-16 00:00:00,BTC/USDT,55605.20000000,56938.29000000,53271.34000000,56900.75000000,77986.69435500,4304259207.64509981,2241208
1615766400000,2021-03-15 00:00:00,BTC/USDT,58976.08000000,60633.43000000,54600.00000000,55605.20000000,102771.42729800,5874241052.09337221,2683815
1615680000000,2021-03-14 00:00:00,BTC/USDT,61188.38000000,61724.79000000,58966.78000000,58968.31000000,52601.05275000,3176397573.88464251,1829769
1615593600000,2021-03-13 00:00:00,BTC/USDT,57221.72000000,61844.00000000,56078.23000000,61188.39000000,83245.09134600,4933383453.24597802,2559002
1615507200000,2021-03-12 00:00:00,BTC/USDT,57773.15000000,58081.51000000,54962.84000000,57221.72000000,73405.40604700,4162054726.37883880,2489931
1615420800000,2021-03-11 00:00:00,BTC/USDT,55851.59000000,58150.00000000,54272.82000000,57773.16000000,81914.81285900,4612366201.00222005,2509970
1615334400000,2021-03-10 00:00:00,BTC/USDT,54874.67000000,57387.69000000,53005.00000000,55851.59000000,84749.23894300,4700197563.35921245,2647284
1615248000000,2021-03-09 00:00:00,BTC/USDT,52375.18000000,54895.00000000,51789.41000000,54884.50000000,71656.73707600,3861450964.65490351,2194398
1615161600000,2021-03-08 00:00:00,BTC/USDT,50959.11000000,52402.78000000,49274.67000000,52375.17000000,66987.35966400,3400847931.03607402,1999401
1615075200000,2021-03-07 00:00:00,BTC/USDT,48882.20000000,51450.03000000,48882.20000000,50971.75000000,55235.02803200,2778875909.44912621,1758101
1614988800000,2021-03-06 00:00:00,BTC/USDT,48746.81000000,49200.00000000,47070.00000000,48882.20000000,44399.23424200,2143910705.29150321,1476474
1614902400000,2021-03-05 00:00:00,BTC/USDT,48374.09000000,49448.93000000,46300.00000000,48751.71000000,78192.49637200,3727133104.83731038,2054216
1614816000000,2021-03-04 00:00:00,BTC/USDT,50349.37000000,51773.88000000,47500.00000000,48374.09000000,82649.71682900,4079837240.85676201,2291936
1614729600000,2021-03-03 00:00:00,BTC/USDT,48436.61000000,52640.00000000,48100.71000000,50349.37000000,81035.91370500,4109521257.54070026,2242131
1614643200000,2021-03-02 00:00:00,BTC/USDT,49595.76000000,50200.00000000,47047.60000000,48440.65000000,64221.06214000,3120472069.90945280,1855583
1614556800000,2021-03-01 00:00:00,BTC/USDT,45134.11000000,49790.00000000,44950.53000000,49587.03000000,85086.11164800,4057515794.86572823,2147223
1614470400000,2021-02-28 00:00:00,BTC/USDT,46103.67000000,46638.46000000,43000.00000000,45135.66000000,83055.36904200,3708359965.45458128,1838345
1614384000000,2021-02-27 00:00:00,BTC/USDT,46276.88000000,48394.00000000,45000.00000000,46106.43000000,66060.83429200,3105897438.55097179,1757720
1614297600000,2021-02-26 00:00:00,BTC/USDT,47073.73000000,48424.11000000,44106.78000000,46276.87000000,109423.20066300,5086374532.73461493,2371766
1614211200000,2021-02-25 00:00:00,BTC/USDT,49676.21000000,52041.73000000,46674.34000000,47073.73000000,83310.67312100,4152188728.14161469,2305679
1614124800000,2021-02-24 00:00:00,BTC/USDT,48891.00000000,51374.99000000,46988.69000000,49676.20000000,91881.20925200,4574033001.37953613,2194532